{"cameraMode":{"drawMode":0,"name":"Shaded","section":"Shading Mode"},"sceneLighting":false,"audioPlay":false,"sceneViewState":{"showFog":true,"showMaterialUpdate":false,"showSkybox":false,"showFlares":true,"showImageEffects":true,"showParticleSystems":true},"in2DMode":false,"pivot":{"x":0.13986682891845704,"y":-0.15755939483642579,"z":2.366786003112793},"rotation":{"x":0.23462091386318208,"y":-0.6459349989891052,"z":0.21858885884284974,"w":0.6928894519805908},"size":8.457493782043457,"orthographic":false}