{"cameraMode":{"drawMode":0,"name":"Shaded","section":"Shading Mode"},"sceneLighting":false,"audioPlay":false,"sceneViewState":{"showFog":true,"showMaterialUpdate":false,"showSkybox":false,"showFlares":true,"showImageEffects":true,"showParticleSystems":true},"in2DMode":false,"pivot":{"x":0.13986873626708985,"y":-0.1575603485107422,"z":2.36678409576416},"rotation":{"x":-0.03026365116238594,"y":-0.20185959339141847,"z":0.013782073743641377,"w":-0.9794948101043701},"size":9.993254661560059,"orthographic":false}