{"cameraMode":{"drawMode":0,"name":"Shaded","section":"Shading Mode"},"sceneLighting":true,"audioPlay":false,"sceneViewState":{"showFog":true,"showMaterialUpdate":false,"showSkybox":false,"showFlares":true,"showImageEffects":true,"showParticleSystems":true},"in2DMode":false,"pivot":{"x":-3.5745418071746828,"y":5.786001205444336,"z":6.5590739250183109},"rotation":{"x":0.031786274164915088,"y":-0.752739667892456,"z":0.03635567054152489,"w":0.6565991044044495},"size":18.88582420349121,"orthographic":false}